69,3.482298183882304,2.331968556073514,22.739418289546798,37.71101994346608,30.761821976538275,2.3438452380952386,1.492,1.8550045207910817,1.4963534117486457
107,3.4991645719433246,2.688360455508818,24.375162099510042,40.69938049882204,33.346230327490304,2.223235849056604,1.759,1.8564874208181574,1.4541462067235693
159,3.465962999117946,2.1695130053947387,23.504429518319206,40.643362943412974,32.4323818014572,2.3662809364548494,1.29,1.89105229539079,1.4163272748795108
126,3.4525282614097663,2.3062728144586413,23.179921311075763,38.43416278222213,31.295019295352862,2.2909950980392155,1.47,1.8550045207910817,1.3686586323935683
124,3.411930366643558,2.4440756213040964,24.299358283075954,41.343265645039,33.818304796930946,2.0969067524115754,1.588,2.035337591005598,1.3524934638801596
37,3.564481026852489,2.15845357648832,23.2595984254445,38.49981470604549,31.132569191182142,2.62209243697479,1.284,1.89105229539079,1.8211470951317783
105,3.505155823274424,2.190682586389996,24.423639542020226,41.48233804274523,33.115074143665915,2.471968652037618,1.314,1.89105229539079,1.559755497470126
51,3.552376095886298,2.6629725743154204,24.019157444608588,38.607510759873634,32.00739178780946,2.4874085714285714,1.755,1.8564874208181574,1.7468706179837907
75,3.5213155754526824,2.6682466504352993,23.878754027011194,39.63708096307912,32.447059186431154,2.3376366366366366,1.74,1.8564874208181574,1.5857889968242211
142,3.4095492354804775,2.446712151873903,24.11614509838886,40.637565231244686,33.439116773449626,2.0158914473684213,1.585,2.035337591005598,1.274036760902923
90,3.4480475429907522,2.4820670710190385,24.676724380143,40.522204934304625,33.37083344726966,2.3284832826747723,1.638,2.035337591005598,1.5463902376915637
124,3.4555661695067355,2.395547668334432,22.83426471365,37.96027066990377,30.967950840538833,2.282247572815534,1.55,1.8550045207910817,1.3701878338420928
105,3.474503178644755,2.461879783248223,22.45542569835154,37.363974526077364,30.434500875864142,2.3539730941704033,1.613,1.8550045207910817,1.4604310209194575
27,3.533535274219931,2.4650908929255406,23.961434154126863,37.560555155163414,31.383299841535273,2.4779281045751635,1.635,1.8550045207910817,1.711846298984729
32,3.568742147335628,2.1637448793153697,23.73407143959736,38.699551697978606,31.515041989202878,2.6261184573002754,1.294,1.89105229539079,1.852085039652352
12,3.558081969139198,2.5724981777366227,24.733107699311514,38.582485834057856,32.3181954403762,2.493279569892473,1.772,1.8564874208181574,1.8137521577549054
66,3.4514035349888337,2.3938995980718403,23.949350638183297,39.15878418316098,32.30987415652578,2.285702064896755,1.555,2.035337591005598,1.5613446139713882
135,3.47835437960934,2.009424225590032,24.080433038145774,41.11877573165318,32.755748003791545,2.4202671009771985,1.126,1.89105229539079,1.4771155312812152
160,3.413450901705652,2.463616101176541,23.75283925140291,41.24068073261839,33.567636169584304,1.9005973154362414,1.597,2.035337591005598,1.185179251041941
132,3.4110817622184233,2.4569179775419294,24.663353868241057,41.36464929786556,33.983578066068176,2.0605162337662337,1.595,2.035337591005598,1.3209025697502388
111,3.4956989619989507,2.6928942772989077,24.38167771883123,40.764203830749366,33.39042251934235,2.207726984126984,1.766,1.8564874208181574,1.433445432156979
107,3.4181623236680356,2.4598632768748825,24.34226965648951,41.2168813199875,33.7458832944166,2.1433930817610065,1.607,2.035337591005598,1.404917318129309
141,3.409292163767801,2.4755630989048205,23.840036551906117,40.28187574900838,33.12740933210319,2.0159078947368423,1.616,2.035337591005598,1.2792078171714618
31,3.5537306734803207,2.472619908000758,24.18583594954418,37.39699052067588,31.307368922041046,2.633427397260274,1.643,2.035337591005598,1.8822317526092551
5,3.5451037330477333,2.3716770708389117,24.695286535085184,38.17496505957075,32.02311236185272,2.572752136752137,1.535,1.8550045207910817,1.8285288846046388
167,3.4753580425264796,2.1732119934933296,24.737923198971707,40.57390100608222,32.92941193334214,2.3909033333333336,1.3,1.89105229539079,1.4324552720625434
9,3.5481347674910286,1.8688247067658061,24.189583713016194,40.052021854718284,32.30534276235138,2.5536421052631577,1.018,1.89105229539079,1.870052380139199
11,3.5560433603714667,1.910336108594535,24.334878490739897,40.174657039770814,32.378853181816005,2.5809304812834224,1.068,1.89105229539079,1.8596518987766364
62,3.5376048790268775,2.639091813583503,24.080595341823642,39.398032192832,32.38268549723498,2.425584795321637,1.731,1.8564874208181574,1.6745692479879102
19,3.5464338449590023,1.905311669649934,24.35868522365832,39.95874037686836,32.35216872128999,2.5370052083333334,1.045,1.89105229539079,1.8807805437609766
65,3.494528300232307,2.3974205597873093,23.026059458250696,37.489239782169804,30.81568822237933,2.378710424710425,1.561,1.8550045207910817,1.5316232403693415
56,3.544629653883431,2.650495153350403,23.83541998401671,38.82796377704433,31.975920928072714,2.4537601156069364,1.733,1.8564874208181574,1.710533351135192
112,3.495877119417779,2.0938572364769055,24.391660570898495,41.839167194182565,33.2318318845246,2.4517460317460316,1.216,1.89105229539079,1.5289260249179843
64,3.462574876665621,2.4507845245525193,24.297842706066838,39.16106395962828,32.47193402838835,2.3176920821114373,1.613,2.035337591005598,1.5829719744686166
19,3.565899462157853,2.2033558468593775,24.511611712923585,37.54320599748628,31.51177053595285,2.6565104166666664,1.445,2.035337591005598,1.979626548250818
134,3.4169689184247174,2.4946397780995584,24.568710436075083,40.652964511118334,33.60692030225909,2.0812435064935064,1.641,2.035337591005598,1.3260128072353616
135,3.4105763913818787,2.4367455144223555,24.308667818003084,40.58410707337388,33.47350597721994,2.0597035830618893,1.578,2.035337591005598,1.3101186784831063
34,3.5575937553540915,2.6159705726789904,23.566095747572557,37.90665575786083,31.40934895665031,2.5116055555555556,1.73,1.8564874208181574,1.80460990458052
68,3.446105572450592,2.3705330061374523,24.029360363522056,39.38159156766375,32.4731363791227,2.2648757396449706,1.535,2.035337591005598,1.5406741606295171
124,3.4869021151089825,2.6695398084864568,24.324432889352373,40.858374219876424,33.410688917712235,2.175704180064309,1.747,1.8564874208181574,1.3967008232726328
154,3.4094524356574096,2.40986495422137,23.75303412345965,41.28239317323536,33.56245583951572,1.9503654485049833,1.547,2.035337591005598,1.2271137666213534
132,3.483501191305966,2.1512510632923165,24.457169523678328,40.84520330629611,32.864544723781215,2.4220162337662337,1.278,1.89105229539079,1.4819015554137276
157,3.4105744140130074,2.425682710641569,23.662315778660414,41.21487873613708,33.49803069556778,1.9212266666666664,1.563,2.035337591005598,1.2056159765131735
158,3.462182535852444,2.0322464946417114,23.438813900162128,40.821433488540606,32.382600705235255,2.3717558528428095,1.151,1.89105229539079,1.4212633510031694
40,3.514139684003936,2.4418858444380294,23.993875243611917,38.207044569893476,31.694287817425337,2.5037830985915495,1.611,2.035337591005598,1.7502913788006587
18,3.5580906165580983,2.4115317107898875,24.455293448252306,38.77022223929529,31.890449470827843,2.6421263736263736,1.661,2.035337591005598,1.8675892574453767
116,3.4889094081576237,2.664105530655056,24.354940329833727,40.937269906716935,33.45598581472246,2.1887499999999998,1.739,1.8564874208181574,1.412409228794446
111,3.4652879859475885,2.4762628371779,22.925649519285958,37.9591954678784,31.053992379018933,2.296106976744186,1.625,1.8550045207910817,1.3989331662177225
85,3.4745407296058963,2.3747408457948316,23.10528361267006,38.099982807571635,31.134701292957466,2.349945147679325,1.541,1.8550045207910817,1.4698115324524124
1,3.534835576186522,2.4114381994148304,24.314787074430125,38.14987995994155,31.924891594728642,2.574022099447514,1.562,1.8550045207910817,1.8431955317089987
143,3.410318915287339,2.4607112018206894,24.248375431600596,40.64243349478575,33.482874768414376,2.0155148514851486,1.601,2.035337591005598,1.2741273923001468
162,3.458799193390812,2.0101572712330453,23.507102422227057,40.93461596721165,32.482615965621896,2.3605906040268456,1.131,1.89105229539079,1.4109949628347804
9,3.543133206790044,2.377432309524995,23.598003231352457,37.52377766578506,31.13166983979621,2.5672915451895046,1.541,1.8550045207910817,1.8231002302844226
113,3.414419320260644,2.4248604132549767,24.908657981582394,41.81816829502593,34.34663683304219,2.1187873015873016,1.576,2.035337591005598,1.3786059891863676
3,3.5436661072601456,2.592947964776547,24.652243741292516,38.7623045063458,32.51487646204882,2.4082886597938145,1.772,1.8564874208181574,1.8352625275821128
118,3.411221044859532,2.4078214169511205,24.98269073769502,42.0075404495327,34.490493589415046,2.102355769230769,1.559,2.035337591005598,1.353269090999531
47,3.568999942180493,2.1809272860788376,26.46604285791351,41.0499421893331,33.880577817079796,2.621143258426966,1.292,1.89105229539079,1.8150756899575577
125,3.4855485210036417,2.671695307817951,24.27764742305546,40.839876773287166,33.38984948261314,2.181197411003236,1.75,1.8564874208181574,1.391284788852726
116,3.4574690175816127,2.4537913827403948,23.032251614508017,38.103875724329995,31.127360345471814,2.289468899521531,1.602,1.8550045207910817,1.3761826562394497
115,3.4107019261975147,2.417287750352038,24.55493670403353,41.565382893773936,34.041617020161176,2.1117763578274764,1.567,2.035337591005598,1.3682580583942712
114,3.4131710032395315,2.426962848243194,24.777867901281315,41.686647000781186,34.216231530637586,2.116595541401274,1.577,2.035337591005598,1.3737600299108574
74,3.4842787539766786,2.438879997223475,23.099397757771566,37.8288851383529,31.001432353085377,2.338991902834008,1.59,1.8550045207910817,1.483323851940123
75,3.482988652120672,2.430465824271706,23.03846743756316,37.844837975501,30.981374033120872,2.347489795918367,1.588,1.8550045207910817,1.4807376792294196
77,3.5212226057273495,2.103155697792567,24.167910537487234,40.645668361956844,32.506671891788216,2.510990990990991,1.224,1.89105229539079,1.641119179218384
60,3.542992511358393,2.14041602578448,23.868157730931408,39.89848456781458,32.021134355757404,2.5676618075801754,1.269,1.89105229539079,1.723900324588418
141,3.4726366397371127,2.6391006118876117,23.873389284419225,40.99284868101728,33.29926524979532,2.1191578947368424,1.72,1.8564874208181574,1.3389913790695755
127,3.486430546073901,2.1928976284966537,23.86413247301575,40.88481342461614,32.62076759783716,2.426873786407767,1.314,1.89105229539079,1.492414389867026
71,3.528684324337005,2.696157404617167,24.007622451152475,39.53535075538898,32.4728927422438,2.3579464285714287,1.766,1.8564874208181574,1.6113256603765849
127,3.40737851449911,2.4098927032454966,24.08401483096836,41.306600641009794,33.702723745621576,2.0804304207119744,1.555,2.035337591005598,1.3312352966718526
93,3.510769869032659,2.1421639870693685,24.003142454503458,40.95362783962595,32.59734424608833,2.484263803680982,1.261,1.89105229539079,1.5949746921524348
17,3.541251093602656,2.496331992137246,23.79566158754756,37.15252578645951,31.11237289077096,2.518058823529412,1.67,1.8550045207910817,1.7536304801917124
70,3.5281819372126093,2.1832922624558813,23.780373043169558,40.31733812871393,32.212169716369466,2.524907738095238,1.307,1.89105229539079,1.6674367208253988
8,3.5434780274164095,2.4152206992194847,23.654641102277676,37.28928029078695,31.11122470608501,2.558219298245614,1.578,1.8550045207910817,1.8042980520967649
118,3.4911419366203664,2.0253107306977376,24.74466282559706,42.33252236723314,33.61966967517867,2.4468301282051286,1.142,1.89105229539079,1.5139470614867965
149,3.467523652225441,2.6646322789106516,23.58968747789601,40.66184230912503,33.037928170775885,2.106877483443709,1.747,1.8564874208181574,1.323872422244268
125,3.4094417183837504,2.4296014294774673,24.255785257635935,41.38118673567723,33.812621135472135,2.099783171521036,1.573,2.035337591005598,1.3474099151661236
47,3.5597648340955175,2.605158060541757,26.647373946169793,40.71218198711114,34.31088483888259,2.527724719101124,1.71,1.8564874208181574,1.7936240148573608
157,3.470018470757559,2.679191623358613,23.69874029857621,40.84337405460518,33.18660088296571,2.08167,1.748,1.8564874208181574,1.3077959946944353
29,3.568983888921194,2.0483657324095637,23.51112503683739,38.8380564174779,31.32285733932258,2.6230274725274723,1.228,1.89105229539079,1.849201702126164
12,3.5440892170496827,2.497495633221204,23.551364638150325,36.94724908852665,30.893964711700164,2.5484910179640714,1.666,1.8550045207910817,1.790844349786295
115,3.491197414255986,2.669922120529456,24.578577776974136,41.03237216951879,33.61126807392732,2.1924600638977636,1.74,1.8564874208181574,1.417429032731308
153,3.4722823212388754,2.1840705012733683,23.628172831563695,40.58944296824891,32.446842086875606,2.383761589403974,1.305,1.89105229539079,1.441790586562399
35,3.5300676840423306,2.3401731734980076,23.947667716448013,37.598741245467004,31.30305692941581,2.567927777777778,1.526,2.035337591005598,1.8134770059567056
51,3.518519199837846,2.323665882820083,23.734039908264887,37.48126030855565,31.172639449335037,2.4480489510489507,1.498,1.8550045207910817,1.6468336174407805
126,3.4878785713375917,2.1743012710834013,23.987947203431663,40.99688397371006,32.710022803073514,2.4362588996763757,1.3,1.89105229539079,1.492848534633516
126,3.4838912547260388,2.661289185949965,24.239023397259928,40.85376069244676,33.3700433438796,2.1703430420711975,1.741,1.8564874208181574,1.3862287677978349
99,3.4195777411151886,2.398886415333129,24.226474805349635,40.74323383889164,33.39150630507064,2.174552795031056,1.559,2.035337591005598,1.431210744960774
163,3.4620805499710854,2.132718741006573,23.49103023425758,40.74175890345818,32.46389583182878,2.3611683501683505,1.256,1.89105229539079,1.4061714290398801
27,3.5504500858303394,2.327337743316428,23.762584263292904,37.27233216178077,30.929360248207214,2.620950819672131,1.601,2.035337591005598,1.8560244070082998
90,3.5163492154331264,2.629071246219689,24.719311536144843,40.52238496316615,33.33950238056361,2.3357933130699085,1.715,1.8564874208181574,1.5638491446744425
162,3.464021404592563,2.632763831012711,23.738230385656273,41.06214198725253,33.29076744042025,2.073318791946309,1.706,1.8564874208181574,1.2980735056918902
131,3.4091728540380735,2.475014603796582,23.996723972247743,41.243646229563595,33.65376593260611,2.0594495114006515,1.614,2.035337591005598,1.3156485301862682
53,3.5114167272902406,2.3306937114568003,23.30725669183149,37.19112571388883,30.821704306343133,2.4248007117437718,1.513,1.8550045207910817,1.6121577411874595
146,3.468183423895935,2.116470909151213,23.312450683066256,40.65138669632271,32.28754240914786,2.3807483443708612,1.242,1.89105229539079,1.4362456252208178
109,3.4685305272975935,2.4666000274194886,23.05129068270268,37.89096376444466,31.05306925187263,2.3143732718894006,1.618,1.8550045207910817,1.4147874517552432
120,3.4229838362549794,2.440822893388958,25.169349346251153,41.80245062827161,34.41428886050454,2.175015873015873,1.595,2.035337591005598,1.4051467790651473
117,3.487376295811431,2.634098605983684,24.616751003686066,41.240704611971786,33.723267448788484,2.1849006410256413,1.707,1.8564874208181574,1.412578792940193
80,3.5129614635074673,2.1417010068719846,23.26175935743409,40.36674175781141,31.95802833708937,2.486830303030303,1.258,1.89105229539079,1.6164273214762122
16,3.5603420474985823,2.5739035098380962,24.357321702352365,38.31926916027133,31.941655359029298,2.5137704918032786,1.772,1.8564874208181574,1.802579500826209
80,3.4307536518687556,2.479712742728869,23.483667289937664,40.078211781584145,32.6655410721976,2.1982545454545455,1.631,2.035337591005598,1.4782779285546637
165,3.461590937144894,2.1610456063312298,23.595817643467868,40.80558697887537,32.576296430484255,2.3525319865319867,1.288,1.89105229539079,1.4004552399066514
156,3.4696192030612285,2.664695973142795,23.770683336009036,40.90308836809665,33.236115055926255,2.0900600000000003,1.733,1.8564874208181574,1.3132020634442203
121,3.414757022019347,2.396078253891397,24.821438212878718,41.653004783464006,34.16445180476378,2.1417571884984024,1.549,2.035337591005598,1.378719022627353
60,3.4718387718772696,2.494085641889116,24.11448837545242,39.31890647034385,32.42612199208859,2.3472215743440232,1.646,2.035337591005598,1.6088496302961666
43,3.5534418211598053,2.645224362345869,23.826487051861594,38.27009094548294,31.759815453754253,2.498725988700565,1.754,1.8564874208181574,1.762668359743147
107,3.474404210386772,2.4447222974031386,23.475330204930167,38.158980736604235,31.39483761465523,2.3295203619909506,1.604,1.8550045207910817,1.4381406901824496
21,3.5599340214678805,2.1058524852518143,24.306273974736932,39.359447242364645,32.19571819720114,2.5725449735449737,1.29,1.89105229539079,1.8810954313244785
0,3.522006703394617,2.145975766935391,23.92407356409745,40.59042914535701,32.62485875142121,2.4725939086294417,1.256,1.89105229539079,1.89105229539079
41,3.5124212742229295,2.372828310153791,23.141477779700992,37.31088262198154,30.800512192698992,2.4184169611307422,1.549,1.8550045207910817,1.63238299185809
76,3.483799876979844,2.4907267597860656,23.110947703655086,37.8984610468502,31.088687926688607,2.332164609053498,1.637,1.8550045207910817,1.4735077809902477
136,3.475694933923807,2.0034792344341588,23.77234297368613,40.980034990626955,32.52965474617847,2.415506535947712,1.122,1.89105229539079,1.4720772783056488
99,3.455556822823358,2.4092923539400735,23.25216185853628,38.650883957434026,31.52669677306915,2.2854814814814812,1.563,1.8550045207910817,1.3785651415666713
108,3.471767043833224,2.443569395327192,23.342810660410986,38.05243159675446,31.24511885640641,2.324389423076923,1.604,1.8550045207910817,1.4283681980964316
62,3.463469391967206,2.406668297987779,24.062133136477676,39.74009698783903,32.610757585145336,2.330254385964912,1.569,2.035337591005598,1.5989712144027983
29,3.554257954720065,2.2921663510920895,23.756892194026193,37.49607769896255,30.96779499306422,2.635472527472527,1.566,2.035337591005598,1.857228890885317
49,3.558336657621618,2.674271233724938,24.833281081823134,39.18287352945846,32.66698125020078,2.5031246458923513,1.766,1.8564874208181574,1.7673642076278957
89,3.5222215314850214,2.6920548172137724,24.112523495131093,40.09418103142496,32.856295641052824,2.3254896755162244,1.768,1.8564874208181574,1.605818899130659
52,3.5566945836342914,2.067103728219671,23.738337987235628,39.72196117128354,31.779120691032947,2.6064756446991404,1.19,1.89105229539079,1.775328769596812
32,3.5243962482347273,2.4424506461535755,24.001463155521233,37.84649344841882,31.56128410753226,2.436908783783784,1.607,1.8550045207910817,1.6655229306478936
137,3.4081283345557187,2.3957550201907916,24.359100181053126,40.78032921971219,33.58088963686094,2.046859477124183,1.539,2.035337591005598,1.3004061951355774
145,3.471373665098864,2.664058512378051,23.715060546682704,40.85874389007758,33.16734508187535,2.1077582781456954,1.746,1.8564874208181574,1.3231708992276219
86,3.471720060423485,2.3589340839760866,23.26167836334653,38.214523782841354,31.246879695988095,2.3449188034188033,1.529,1.8550045207910817,1.4525819651050202
50,3.5093111439506677,2.3481961394586457,24.29903895658481,38.5170065164806,31.965090081650274,2.519803418803419,1.525,2.035337591005598,1.7447409841836798
30,3.555857469677978,2.4343006861812118,23.74029655014346,37.250073961181094,31.10097217303459,2.6473207547169815,1.607,2.035337591005598,1.9247760889090635
115,3.4569152237960306,2.3277314025979847,23.131840707705734,38.434235278537344,31.31018499405759,2.3094834123222747,1.497,1.8550045207910817,1.388215260193751
149,3.409409922814414,2.4996841687041944,23.563221777928874,40.49521984011741,33.117656712920734,1.9821854304635758,1.633,2.035337591005598,1.2534354284944844
60,3.5074833565874615,2.475545296633258,23.120310509686572,37.21755583353321,30.797157400797865,2.39917843866171,1.637,1.8550045207910817,1.5800766490336253
33,3.5597307651083123,2.6749688422803803,23.53999092882516,37.861934640176806,31.465690433362017,2.510174033149171,1.782,1.8564874208181574,1.8093079637028517
22,3.5595604968237993,1.846021007590992,23.946713982155597,39.454159451189874,31.805988160181123,2.593903743315508,1.01,1.89105229539079,1.8710089649779995
137,3.481431873453954,2.172988732474185,24.130003633195166,41.017509953482886,32.848065199041,2.4113202614379086,1.294,1.89105229539079,1.472248013656454
98,3.5067479961367156,2.69951692300468,24.228985806758885,40.314538591575015,33.05467981523988,2.2619689440993787,1.773,1.8564874208181574,1.4908444050400238
24,3.5707670304281067,2.0506492642329937,23.718457017715572,38.86906912217273,31.51707667966367,2.6249402173913046,1.232,1.89105229539079,1.8706715362800985
145,3.4661964701943586,2.0033802121225017,23.458006651239486,40.815968345794715,32.35021153014993,2.389692052980133,1.126,1.89105229539079,1.4413797481446793
155,3.4138496008165014,2.479418189447868,23.71579098948608,41.1595683576961,33.5111267532655,1.934295681063123,1.613,2.035337591005598,1.2217397581377356
72,3.484377015629623,2.342731326096539,23.432194318140894,37.99328509003338,31.261679783387308,2.3474541832669322,1.507,1.8550045207910817,1.5011920994261239
23,3.5289707694229833,2.4671365731790713,22.508167425430855,36.377208902376694,30.125011009636175,2.4785307443365694,1.631,1.8550045207910817,1.7075021373272627
5,3.5411626672196816,2.1756867065903434,24.135840711684263,39.67620802332074,32.48624734055599,2.4888256410256413,1.34,1.89105229539079,1.8807003517117404
139,3.4765867130506125,2.644725254926797,24.39982529977077,41.27708509224051,33.67308060941856,2.1371901639344264,1.73,1.8564874208181574,1.349314997503458
127,3.483198941484065,2.667817533540102,24.12349712975845,40.74795214258888,33.27215987470977,2.162854368932039,1.749,1.8564874208181574,1.3804366761974138
29,3.52925730014011,2.4790616361836206,23.47871848419422,37.21887096740918,30.994690437264207,2.4637582781456957,1.649,1.8550045207910817,1.6940366439243106
90,3.519590928396835,2.0962813773920193,24.43569034018692,41.31851435911838,32.91993878980996,2.5165531914893613,1.214,1.89105229539079,1.6259938279733204
62,3.503693493885047,2.4776158338943337,23.278670276560845,37.4174791317661,30.967899275139946,2.3815018867924524,1.637,1.8550045207910817,1.555618272193922
158,3.4096514247359915,2.417924401749313,23.65025525718372,41.27439823262361,33.516977262709986,1.9177391304347826,1.551,2.035337591005598,1.2008936262717274
33,3.538408778928339,2.4006679782182205,23.520157783193987,37.080390421974414,30.828713779105055,2.5974806629834255,1.585,2.035337591005598,1.8392508917181876
138,3.4125732422699135,2.4504684570147006,24.621773390889473,40.85731522464202,33.76400861956033,2.042049019607843,1.591,2.035337591005598,1.300235735841116
20,3.570814209348872,2.35887751155593,24.910587532936997,37.90362577530197,31.874488497680712,2.662689473684211,1.619,2.035337591005598,1.9575499080884022
20,3.5333109441755526,2.4458096660548825,22.578707611599036,36.372087786130464,30.10270376338569,2.5047142857142863,1.619,1.8550045207910817,1.7315166735475835
148,3.4662499547181245,2.003221375307111,23.703251528067923,41.11319128215138,32.61208344144242,2.3878870431893686,1.124,1.89105229539079,1.4362945145860047
67,3.48769646191346,2.3726090777895896,22.833484092130533,37.559604168615785,30.76818712651005,2.345828125,1.536,1.8550045207910817,1.5065267126851283
122,3.49159162968384,2.697073130067154,24.47190444990649,40.78818812957494,33.46482299584788,2.188285256410256,1.77,1.8564874208181574,1.406981663677643
9,3.5512057319376997,2.552853984885676,24.561560340089137,38.52698128472781,32.27679750791685,2.4496526315789473,1.751,1.8564874208181574,1.824613268496936
68,3.5308376380023527,2.191481814157953,23.784085634385107,40.2789498830108,32.20371989479744,2.528144970414201,1.31,1.89105229539079,1.6779270142025482
164,3.46850906693551,2.696396337945361,23.80026564355092,40.98234242711097,33.32067807371405,2.064188552188552,1.76,1.8564874208181574,1.288003392619118
96,3.458027727779737,2.3528810264952194,23.24250038456045,38.548873480234754,31.423707199142058,2.302243243243243,1.521,1.8550045207910817,1.3968547782872414
19,3.5326627624319777,2.3587321881999297,22.780967262070938,36.541146197392216,30.242913021104116,2.51618927444795,1.537,1.8550045207910817,1.7376647337053737
101,3.5030568931470634,2.690162319231471,24.246954155128837,40.44479269068758,33.130681310493344,2.24684375,1.763,1.8564874208181574,1.4752095869031632
121,3.492953565598811,2.0299415196572554,24.59206034022774,41.54038193238441,33.13820710362847,2.4597571884984024,1.154,1.89105229539079,1.5236247972838737
59,3.5409201846556857,2.626177688152069,24.267851748683743,39.29444535878087,32.40048085325998,2.440286956521739,1.719,1.8564874208181574,1.6945798601797895
48,3.5623454342368555,2.672012007453096,25.69911743242072,39.885261233152924,33.43585640373788,2.5045955056179774,1.762,1.8564874208181574,1.7831890223273275
64,3.495405576723954,2.415388497112405,23.027207477057086,37.59895044072871,30.89768961926806,2.3658122605363987,1.574,1.8550045207910817,1.5321613015959863
31,3.525692957415014,2.4337177596826547,23.769516048374253,37.7331798444306,31.373945543706103,2.447838926174496,1.603,1.8550045207910817,1.6769770618433686
109,3.4959014526387993,2.645120521151077,24.851431185422516,41.19696040482682,33.79269513542102,2.222328075709779,1.725,1.8564874208181574,1.449042163761236
49,3.519792345798265,2.398646371281655,23.12071549691479,36.75689163314213,30.528493896066262,2.439379310344828,1.567,1.8550045207910817,1.6606586897774192
116,3.490216477408044,2.0793549048242492,24.0993140682898,41.6886924602386,33.01591345323486,2.445839743589744,1.204,1.89105229539079,1.5136482266426952
2,3.538246596159443,2.394395968141027,23.74169210144422,37.5266914843442,31.31691283374216,2.5820670391061453,1.551,1.8550045207910817,1.8396018424355423
88,3.4626491088970703,2.311419659807122,22.789023525262486,38.06666733482501,30.931917385258963,2.3198782608695656,1.487,1.8550045207910817,1.428376058807949
76,3.51803386486462,2.6479207279724903,23.90454749592773,39.43977047692484,32.32889654966259,2.3432042042042043,1.732,1.8564874208181574,1.5849430707374117
55,3.488659224822318,2.469127855241356,23.97620032331416,38.74827601131975,32.030140929891196,2.426706051873199,1.625,2.035337591005598,1.6714768322295086
150,3.4767525840839255,2.6400211837268666,24.237681569505874,41.046694544970684,33.4949493613756,2.152160655737705,1.723,1.8564874208181574,1.3601216766554785
14,3.541197979542517,2.3858494078680206,23.303464882146475,37.13061214416645,30.82566018736547,2.540351515151515,1.552,1.8550045207910817,1.7809386125310702
15,3.565438928797127,2.0133501283179167,23.938131916668528,39.5636595172155,31.881310103471357,2.6122010869565218,1.19,1.89105229539079,1.8587355450601035
52,3.5190801794284594,2.488054079510012,23.549534792728995,37.125443897626305,30.96825922704022,2.422338028169014,1.655,1.8550045207910817,1.6257639928779952
6,3.5410250495075215,2.487927319492314,24.575581239008407,38.8207012322275,32.480416444757985,2.394646153846154,1.692,1.8564874208181574,1.8351461429226603
163,3.4148103057455175,2.481190011798763,23.707339766856947,41.149193043289586,33.472459360982775,1.8533265993265997,1.615,2.035337591005598,1.15381833159625
18,3.557886771846508,2.4556793246645583,24.355030419469987,38.54659017774874,31.966241678512723,2.5293241758241756,1.685,1.8564874208181574,1.8027776247196041
23,3.571051969392875,2.3997508208942735,24.029961629396936,37.28979017254232,31.119005145018026,2.663840425531915,1.653,2.035337591005598,1.9459811331421641
139,3.4782258967329596,2.110564313669325,24.15787591865575,41.105738037939375,32.85096451719535,2.410508196721312,1.242,1.89105229539079,1.4617672495335379
150,3.4195489282896943,2.4839695531514434,24.182986071194534,41.357879741754175,33.78417036686004,2.0376426229508198,1.623,2.035337591005598,1.2898048773266901
112,3.410409522809144,2.37337869163978,24.62149945751311,41.66477948989921,34.1008464215818,2.116161904761905,1.526,2.035337591005598,1.3736814238195123
0,3.5298286688693397,2.612467347907089,24.325993424022467,38.98218133148803,32.572328114029,2.4049441624365477,1.782,1.8564874208181574,1.8564874208181574
60,3.541195668799061,2.6582230344240045,24.14386556947967,39.10487658009542,32.29371860868794,2.4377755102040815,1.742,1.8564874208181574,1.6849029086609286
36,3.517217159454334,2.4985039496028567,23.252438684811104,37.361410110678264,30.967851972472324,2.3934256055363323,1.653,1.8550045207910817,1.6276486907262062
100,3.500074246846,2.0252901014990434,24.011740056772418,41.34840278359994,32.724576765133094,2.46806230529595,1.142,1.89105229539079,1.565249873909438
156,3.467453100453348,2.1314172797434523,23.52742809133315,40.65159637790841,32.40094040453025,2.3778833333333336,1.255,1.89105229539079,1.4262562585106868
69,3.5296958440720005,2.1753473356526807,23.83125634938924,40.310727434969614,32.23340825772458,2.5279406528189914,1.298,1.89105229539079,1.6732060275966172
10,3.5484272148956437,1.7896213776724978,24.062655752137022,40.1213838436794,32.183319483399806,2.5636931216931216,0.934,1.89105229539079,1.8700442394188577
12,3.5604849642800684,1.9086884059809102,24.352069874766624,40.016434730174936,32.2913249500013,2.5966720430107526,1.076,1.89105229539079,1.8590746560862206
123,3.462241956955771,2.456436863057259,23.04417103672731,37.88279649093536,31.037910219908994,2.2961923076923076,1.608,1.8550045207910817,1.3882493512249316
101,3.4197860540725715,2.459885297095542,24.207764443084063,40.72877617289365,33.39690850726103,2.161678125,1.611,2.035337591005598,1.420487649966195
96,3.50609090727422,2.656849703962618,24.228213693022468,40.336505612651585,33.03772281691292,2.269527777777778,1.733,1.8564874208181574,1.5065638960681105
134,3.484801138956006,2.116759239247948,24.328512035193278,41.094988453128494,32.932141650182686,2.4259870129870134,1.244,1.89105229539079,1.4820775214392872
55,3.5467052098640246,2.6655106679421823,23.971565610462942,38.83927283461771,32.05752645824972,2.4558587896253603,1.746,1.8564874208181574,1.7158065389330133
109,3.5010357611640615,2.170172617792397,24.609806274773607,41.78271326384125,33.361342590516294,2.4594227129337543,1.294,1.89105229539079,1.5445940154102908
107,3.500140843862167,2.1646360641399958,24.11639369687997,41.433877603827945,32.953112654161664,2.457301886792453,1.286,1.89105229539079,1.5438771531345021
10,3.549292319740949,2.4724483018527317,24.43128509546442,38.54143406601644,32.15709350345252,2.4602222222222223,1.684,1.8564874208181574,1.8246195526864504
23,3.552385161941813,1.7370300333706354,23.7951049382806,39.641748274009444,31.737001978644926,2.576686170212766,0.89,1.89105229539079,1.8701995151941375
136,3.4113335283009314,2.4858689968085326,24.003796003990193,40.322783635307104,33.209178727620106,2.047421568627451,1.62,2.035337591005598,1.30521620229393
47,3.5388872766749144,2.4288023941361625,26.602945710082057,39.788440481350335,33.61169282822636,2.6103202247191013,1.595,2.035337591005598,1.82371946178183
145,3.4094374435069095,2.4999079970509284,23.67821307261489,40.15316398972329,32.98562738901426,1.9933178807947018,1.637,2.035337591005598,1.2581373688955233
130,3.4081057374178703,2.45134737470238,24.066996312466095,41.300370296451625,33.71317033815572,2.0671433224755704,1.594,2.035337591005598,1.321225074066109
26,3.559588063594272,2.547109116468133,23.811534187517502,38.11100191887773,31.596747992569153,2.529601092896175,1.754,1.8564874208181574,1.8147691941158939
89,3.466072725920186,2.4953159238201255,22.47935333131366,37.63260475617888,30.667082236656018,2.2893668122270743,1.639,1.8550045207910817,1.4154547844370715
16,3.56282437243777,2.369981457799298,24.34725293029431,38.647578733807656,31.78991634963658,2.657338797814208,1.625,2.035337591005598,1.878278372248849
69,3.4418152533277144,2.351294851260762,24.054796737761627,39.44712875501599,32.52334649341759,2.2442967359050443,1.521,2.035337591005598,1.5253138744624433
88,3.510305462695178,2.695787450704935,24.30453859448875,40.30253125568348,33.04539707211165,2.281246153846154,1.767,1.8564874208181574,1.5174859938489869
129,3.452221905520614,2.3992178234155577,23.56288829160871,38.72699121838442,31.73992229230571,2.262391089108911,1.554,1.8550045207910817,1.3518646035305233
102,3.500407285435189,2.0863200514042264,24.069019867711653,41.21700308433066,32.74051962267582,2.4662429906542056,1.203,1.89105229539079,1.5649820533392105
103,3.455840338587253,2.4651687831472158,23.433341482891272,38.6997087046862,31.647958536134297,2.2748976744186047,1.617,1.8550045207910817,1.3679487285504814
100,3.4175281789596474,2.3814379490849835,24.22178922960351,40.81715493531611,33.41522427488497,2.1702990654205605,1.542,2.035337591005598,1.4260247179525716
38,3.5562481933590964,2.699288287625812,23.27146353182613,37.80133585100446,31.329995610092634,2.4921376404494384,1.795,1.8564874208181574,1.7730337158018288
152,3.475812179626641,2.696427051131168,23.987394863111092,40.868302643225604,33.329808599922345,2.1110662251655627,1.764,1.8564874208181574,1.3290286565120697
79,3.516233648608237,2.688809122993162,23.405971076202263,39.262781682151214,32.06376130177751,2.3186606060606056,1.754,1.8564874208181574,1.5649019950937946
73,3.439943269617906,2.450611393803655,23.95941142019243,39.53866201326228,32.58978020040808,2.2287305389221554,1.607,2.035337591005598,1.509391504602082
133,3.4899701994096612,2.1693699073642034,24.575871874910508,41.12807910254104,33.079651096902374,2.439391585760518,1.296,1.89105229539079,1.4981366198874824
70,3.491819481711868,2.4057755306304176,23.009880638439665,37.767989299214086,30.913721930762733,2.381392156862745,1.571,1.8550045207910817,1.5334262000312422
6,3.5711391343785897,2.2812068449406446,24.430946389444678,39.04610837498471,32.11157496697372,2.6654256410256414,1.505,2.035337591005598,2.013101105626967
33,3.520797576383474,2.4383419399858552,23.697189900442215,37.670164941661795,31.318474723902874,2.4220881355932202,1.599,1.8550045207910817,1.6571924575832084
24,3.5586742170266272,2.5010798299873738,24.024851602995685,38.27549578575718,31.78039681801023,2.5292119565217392,1.719,1.8564874208181574,1.8255815042203762
161,3.467864133752208,2.673348140468748,23.827460066666994,41.02476444658572,33.33765795318198,2.0770704697986577,1.741,1.8564874208181574,1.2978870806495706
91,3.5146260368096875,2.0376560852489356,24.481210786362457,41.4002950560853,32.948305858317944,2.504871951219512,1.154,1.89105229539079,1.6157433862812898
14,3.5612417270649486,2.188400081882664,24.450913129560714,38.84686112344348,31.878814448635442,2.656816216216216,1.433,2.035337591005598,1.9010667141979305
128,3.4619744219744675,2.4884289104730986,24.038521624132176,38.80283421497622,32.00067162597675,2.2768676470588236,1.637,1.8550045207910817,1.3634051133928073
119,3.491585878898649,2.660031949282934,25.159494190646395,41.16703904201915,33.889346908026745,2.228859872611465,1.751,1.8564874208181574,1.4333920485221476
18,3.5699492020415136,2.0270686341513207,23.980775695020398,39.4126321606434,31.867182607083926,2.627120879120879,1.205,1.89105229539079,1.848378951850034
94,3.4270614887575657,2.413759774558071,24.107818019162874,40.39341126895154,33.11021541795579,2.217843076923077,1.569,2.035337591005598,1.4729664825468278
98,3.421883545422636,2.4308118485818704,24.191028062692588,40.631647661681036,33.31663547841367,2.183130434782609,1.585,2.035337591005598,1.441380399427779
58,3.5444946147995258,2.656450207001938,24.465118009505925,39.349611598028886,32.55632993697177,2.4475623188405797,1.742,1.8564874208181574,1.7003110272642588
49,3.5666921284622095,2.180136101967249,24.501910100578034,39.6676965288026,32.27329169539202,2.6228470254957506,1.303,1.89105229539079,1.8002432178056673
0,3.556946061827572,2.4757677568281857,24.27707330832413,39.16298653238707,32.142777859921516,2.650081218274112,1.653,2.035337591005598,2.035337591005598
81,3.5132992979150073,2.6430294964336345,23.986241979219916,40.037541469513684,32.7120225448885,2.3101333333333334,1.724,1.8564874208181574,1.5594815668184234
97,3.5061843921745397,2.138556110583413,23.999220368885872,41.04923314430273,32.652115712561326,2.474219814241486,1.265,1.89105229539079,1.5752185465278068
61,3.5023865933440717,2.3791563087604626,23.27342231930282,37.56150979821064,30.984434580754094,2.3946779026217224,1.548,1.8550045207910817,1.5641732953289167
58,3.4787436506489255,2.443723814618984,24.442914706328594,39.466510899162515,32.56097148037261,2.3845739130434787,1.601,2.035337591005598,1.6401349256190927
86,3.509207943122176,2.1948906641943635,23.582488319458513,40.75070125010339,32.365261126964526,2.475223926380368,1.317,1.89105229539079,1.5962179519462243
166,3.462906230864041,2.0143553387267827,24.482611948371623,40.92586026351328,32.81804879809979,2.3804194630872484,1.132,1.89105229539079,1.4217865046055154
53,3.4973019898820894,2.4482931262785135,24.295032488841088,38.95436345473558,32.24289319481841,2.455965616045845,1.611,2.035337591005598,1.6975954237461768
63,3.5348237062932575,2.0119648758828452,24.239122695185117,40.12941739090177,32.10276048728767,2.5516979472140764,1.132,1.89105229539079,1.7036521173638766
58,3.5077862234460104,2.371626022111289,23.381334724831305,37.378956702246384,30.959784195511766,2.412333333333333,1.542,1.8550045207910817,1.5920964324686278
73,3.5228548406546385,2.138540138129487,23.751263650793735,40.46247985933005,32.228343983674435,2.5120269461077847,1.256,1.89105229539079,1.652538684928734
104,3.4250844180972875,2.467318928642863,24.81713061500866,41.36669473718026,33.9987286593769,2.182525,1.616,2.035337591005598,1.431557632772571
125,3.4891932104785104,2.164511453629433,24.014672446811392,41.03075447325996,32.720417557744895,2.4449093851132684,1.292,1.89105229539079,1.4978220596995881
57,3.512403849382274,2.375173080957567,23.533363397677242,37.39550861947664,31.04176453157222,2.4323369565217394,1.549,1.8550045207910817,1.6132653317422077
83,3.5109677353595243,2.629782173759164,24.210935532035016,40.1165626728546,32.857549597381336,2.3022006079027353,1.709,1.8564874208181574,1.5488741079890418
92,3.515137522009075,2.6983970036642315,24.494140877553082,40.27804845768325,33.147486361012966,2.293556574923547,1.766,1.8564874208181574,1.5323755631868592
133,3.4167486246717154,2.438240626221148,24.805357555777945,40.89285784811417,33.816348135475515,2.11257928802589,1.591,2.035337591005598,1.3474328767273906
19,3.5520375235511907,2.632142800798914,24.549424447285215,38.44749852224995,32.37143341978575,2.4483229166666667,1.804,1.8564874208181574,1.8470259949329193
46,3.549003180550162,2.670544734728978,23.214801785728056,38.17980302242767,31.35934131425137,2.4861575931232096,1.774,1.8564874208181574,1.7360913511847138
17,3.5591953280168633,2.247991649924625,24.380274264917215,38.79218188173866,31.82883467218067,2.6534615384615385,1.524,2.035337591005598,1.8675697161520206
59,3.4740152461288862,2.4324278256917147,24.244880453394085,39.352653481724175,32.48984985901219,2.3673565217391306,1.593,2.035337591005598,1.6291999416165441
6,3.5475142438631493,2.4964491577040793,24.31366014142129,37.64038685475582,31.634533158077694,2.567810344827586,1.662,1.8550045207910817,1.8212011895697924
165,3.4121341541171764,2.40904100737121,23.802896883148367,41.45791806300034,33.6634605108384,1.8599494949494948,1.545,2.035337591005598,1.1587974947916069
106,3.4983646475135717,2.008435320437976,24.19968791502018,41.641162265997195,32.90572814040102,2.4804430379746836,1.127,1.89105229539079,1.549897685670499
15,3.5614521756489204,2.64010141737067,24.32051139249706,38.1983618706913,31.931593674911532,2.5033804347826085,1.82,1.8564874208181574,1.80210690024615
63,3.46021805164007,2.4204142690378765,24.423808071870038,39.03600072360686,32.25699351958767,2.320041055718475,1.582,2.035337591005598,1.5876273123575604
146,3.403885091976961,2.4061574188511727,23.518722627950357,40.26211669866818,32.970182781539556,1.987609271523179,1.545,2.035337591005598,1.253259864055301
125,3.458696199585801,2.4536749172979215,22.83589303178486,37.880513353762176,30.93996203578424,2.287898058252427,1.603,1.8550045207910817,1.3796951665608619
110,3.414352330355796,2.4278749904763077,24.567907151996646,41.43504077863728,33.976109677640174,2.1306930379746833,1.58,2.035337591005598,1.3893171179312644
147,3.4065929107527846,2.40921365026611,23.900390232503312,40.65437976632703,33.31018716138479,1.9903609271523177,1.55,2.035337591005598,1.2532313315493426
98,3.4611285476693214,2.4684655225527004,23.40948042071164,38.54382874673793,31.542375291159843,2.2865068493150686,1.623,1.8550045207910817,1.3893644292809475
39,3.5532756526091784,2.6127932408838532,23.439367870877128,38.39873985476869,31.569551201845574,2.496878873239437,1.719,1.8564874208181574,1.773037755078937
92,3.5115494818370454,2.050265845971926,24.228447169823482,41.2508092329952,32.76906651915661,2.4941559633027524,1.167,1.89105229539079,1.6056626764846538
130,3.4835074286280525,2.177723491219515,23.82871891762843,40.90635248178393,32.623742674615976,2.4234201954397396,1.304,1.89105229539079,1.4827874322228984
70,3.445008015985666,2.436845595522602,24.004853828853747,39.40950590627068,32.518264823491045,2.251517857142857,1.593,2.035337591005598,1.5301570318067428
137,3.480352041587074,2.676480329780849,24.392658600566655,41.25434553511566,33.691961507697364,2.1406960784313727,1.758,1.8564874208181574,1.3546417018378962
25,3.564103182686905,2.6849988185249796,23.93622764909489,37.982160799183106,31.688747146342205,2.516663043478261,1.854,1.8564874208181574,1.8140311275083907
141,3.4737305453330443,2.1253826973270513,23.613836363374315,40.730219862268235,32.450684441760906,2.396355263157895,1.254,1.89105229539079,1.451354972758956
56,3.5196664048265607,2.4673631110639858,23.56722203053731,37.2702464066457,31.039033590700278,2.4489032258064514,1.636,1.8550045207910817,1.6404348572349936
4,3.534536640068787,1.8711590450649882,24.13830760704513,40.268872630219796,32.46787845303298,2.5085257731958763,1.008,1.89105229539079,1.8794508728285058
61,3.540671044783382,2.695100237338448,23.934085583884677,39.0462609369598,32.136071448067796,2.4169620991253646,1.773,1.8564874208181574,1.6744741591159717
139,3.407693686560286,2.3942028718004007,24.362440700162463,40.74860220857894,33.57003564415372,2.0371573770491804,1.542,2.035337591005598,1.2895066722480755
122,3.4917462636517236,2.1171503915767786,24.21295183077047,41.13947017697289,32.84069778843796,2.4496891025641028,1.244,1.89105229539079,1.5135813035589147
158,3.470762691935287,2.699983457940659,23.681325932299053,40.81792110626284,33.174058099115534,2.0771438127090303,1.764,1.8564874208181574,1.3030329186405918
11,3.559759220648976,2.64956413267546,24.74037188089418,38.52197451768004,32.36407129853099,2.4758021390374334,1.825,1.8564874208181574,1.8142019357673917
72,3.443620591429828,2.4892160721496315,23.972655907518135,39.4416762582387,32.562223096007365,2.232925373134328,1.639,2.035337591005598,1.5145492986655427
17,3.5591189041401865,2.4942396831720126,24.382419922756025,38.4787542519308,31.965008645476725,2.5288736263736262,1.712,1.8564874208181574,1.8030683142834096
39,3.514029112834162,2.3948058223938364,23.40832459139638,37.58677381866742,31.080769482413952,2.5166197183098595,1.57,2.035337591005598,1.7604712448170943
67,3.5312941932103548,2.65935818848874,23.969183667109306,39.43723270017243,32.371538940646154,2.38642899408284,1.736,1.8564874208181574,1.6378578430223698
128,3.4812572775226682,2.0298495899147295,23.796556329674626,41.09400879501426,32.57651826255201,2.4304415584415584,1.152,1.89105229539079,1.487482776538081
98,3.5051004339266254,2.1437793669909317,23.973654052530293,41.05277512550887,32.64767456395258,2.4726211180124222,1.263,1.89105229539079,1.569798484648868
41,3.509578354212467,2.391848815367812,24.22249363678538,38.340431886092745,31.875581783696685,2.492796610169491,1.563,2.035337591005598,1.7394925037732578
112,3.492875380810072,2.6483923655058113,24.640411065560848,41.11212504270441,33.67370212742761,2.209780952380952,1.728,1.8564874208181574,1.4333958900838095
16,3.565961679108638,1.8575547668336483,23.932016714666645,39.628948319501816,31.854304304240515,2.6224972677595626,1.016,1.89105229539079,1.847817291322145
100,3.459598362944341,2.477625480372779,23.267794615238977,38.45654834997334,31.435921914290372,2.28244495412844,1.627,1.8550045207910817,1.384901110085747
21,3.52738705832889,2.3808537751929744,22.714077867822585,36.52608510498833,30.251184852221932,2.475640127388535,1.556,1.8550045207910817,1.7085949894470602
45,3.5010379345914444,2.471216186082459,23.22751550921504,37.88470784051604,31.15661421699882,2.4762742857142857,1.631,2.035337591005598,1.713325912040734
106,3.4966186408455298,2.6598211033173382,24.442107279152207,40.69012464267011,33.32269982188509,2.2366613924050633,1.736,1.8564874208181574,1.4539012274845928
4,3.5423432526672167,2.547419651124539,24.518700434435164,38.66539257343368,32.38234901543077,2.408505154639175,1.738,1.8564874208181574,1.8346455082120419
82,3.475075728648004,2.483165462226557,23.144424017860068,38.16628336469349,31.215527070380897,2.3212340425531917,1.636,1.8550045207910817,1.4392712877203313
102,3.4982324882487936,2.6355034454892072,24.337824191545764,40.58499656066617,33.20069210329718,2.2595981308411215,1.719,1.8564874208181574,1.4859035988304024
79,3.5125010864221813,2.1007747911593695,23.15836420422582,40.165034583244065,31.798082670491866,2.4944030303030305,1.219,1.89105229539079,1.621213282987236
104,3.5025243992110107,2.007722684403967,24.60432088403771,41.90270996402953,33.270627344923426,2.477915625,1.126,1.89105229539079,1.5652811168780458
88,3.505203266169396,2.0092802451741245,24.051439279589804,41.40590880756584,32.747733642524246,2.4807138461538463,1.122,1.89105229539079,1.5906507821480704
28,3.527012841842043,2.363133281953362,23.619671716582488,37.52114200586718,31.167937826253635,2.470144736842105,1.532,1.8550045207910817,1.699267835126687
85,3.4202687142856667,2.410475236770924,23.638284377724087,40.37035790264624,32.92241762841388,2.1746257668711655,1.571,2.035337591005598,1.4519237720967177
166,3.419700177568569,2.475767645530351,24.698597962486065,41.11666214070682,33.730546074122294,1.8894697986577182,1.608,2.035337591005598,1.1749748834769171
154,3.4701761898320465,2.1664368343684446,23.53981212995311,40.584393586876246,32.39361892904713,2.3803056478405313,1.293,1.89105229539079,1.431630947911111
95,3.427340316812041,2.4562499847243027,24.152350848480747,40.46341487442664,33.18991802149879,2.2096851851851853,1.611,2.035337591005598,1.4627604396099307
83,3.426913589626702,2.421513989921717,24.16642252229391,40.71162611325717,33.3541679486525,2.1855258358662613,1.578,2.035337591005598,1.4675164935067897
54,3.5526373754067415,2.143037413381466,23.857377552308677,39.66314441864834,31.889431533099835,2.5923706896551724,1.273,1.89105229539079,1.760081061854204
93,3.50830390643132,2.6338485871981514,24.254986942423244,40.2921849196155,33.007275861749356,2.286064417177914,1.708,1.8564874208181574,1.5269528268489705
159,3.468111467035994,2.666300786624286,23.748579260944844,40.946993847659506,33.253984518546055,2.0771337792642144,1.735,1.8564874208181574,1.3033573559038205
0,3.5275462263272543,2.4721608434600437,23.8195202516044,38.10180309676608,31.773285281389256,2.5676885245901637,1.61,1.8550045207910817,1.8550045207910817
143,3.476096426841386,2.1738445330859366,24.02342893757079,40.89527781087817,32.775898242252914,2.3981551155115515,1.3,1.89105229539079,1.4468161332173683
1,3.5373201277859714,2.587208728940726,24.685948163596,39.033397966787035,32.72523522519307,2.399260204081633,1.766,1.8564874208181574,1.846327249719927
37,3.557015527748059,2.6617272246516333,23.51454265913581,38.07252758016199,31.48874626238971,2.502120448179272,1.764,1.8564874208181574,1.7829230484252723
39,3.5630587459190144,2.1528886431678034,23.189779567510282,38.787499833494046,31.1990648511682,2.6181464788732396,1.276,1.89105229539079,1.8113815601504555
90,3.4730670533412877,2.4398479869382084,23.14563143539215,38.18223603956323,31.226789107710772,2.350430434782609,1.599,1.8550045207910817,1.454576670077708
83,3.513443179473182,2.1843637809529235,23.95500402082536,40.778024611598504,32.56399373078006,2.480863221884498,1.306,1.89105229539079,1.6108655863730026
22,3.5296025965720452,2.436955746154759,22.65890518865621,36.476252762052624,30.212407704391104,2.48348231511254,1.609,1.8550045207910817,1.711469957068211
31,3.5694388142217837,2.1177799354077496,23.9542942093336,39.053875772291974,31.782101501165204,2.625654794520548,1.24,1.89105229539079,1.8628211117905844
160,3.4601727514874407,1.9917978280585305,23.538505739106153,40.97063567014205,32.48861829940489,2.36960067114094,1.107,1.89105229539079,1.4165781829175994
166,3.471070722008039,2.6787137407179737,24.92195746617458,41.047029587744966,33.71351889594897,2.107459731543624,1.758,1.8564874208181574,1.3090153642307354
54,3.5472118680418956,2.6287695472774453,24.121591093765634,38.964927068400804,32.16809876635083,2.4686465517241376,1.719,1.8564874208181574,1.7263217239235826
2,3.5437367282719,2.6519168938437794,24.734266163954402,38.818796689817404,32.64286193755933,2.3979692307692306,1.82,1.8564874208181574,1.8353491942234077
95,3.5068097579555353,2.6540810507928123,24.205952380559673,40.320066232195046,32.99903328622305,2.2788734567901234,1.734,1.8564874208181574,1.5118975960142693
87,3.471398409828823,2.4413266342198545,23.027044613835702,37.939696536164234,31.027558674438325,2.3282887931034484,1.603,1.8550045207910817,1.442834198908794
23,3.5566107947817986,2.6237674644021887,24.054990657817566,38.16526203587147,31.894456524691385,2.4792606382978724,1.812,1.8564874208181574,1.8251136435078368
91,3.4399481891896455,2.452449045714353,24.71374963671338,40.57746834859555,33.43366634309322,2.2768018292682926,1.609,2.035337591005598,1.51470559175661
103,3.507816455272743,2.0588247910323827,24.773284683784794,41.89753189273277,33.38712825139849,2.4838540372670805,1.184,1.89105229539079,1.57497949984227
35,3.5597237883937995,2.658447162110498,23.9730227457941,38.34003238560517,31.902247475518077,2.503302777777778,1.762,1.8564874208181574,1.7993770651972192
116,3.4089059214760367,2.4185087281747166,24.318017130660255,41.46394809540406,33.890212870710734,2.1078525641025645,1.566,2.035337591005598,1.3633024037317505
43,3.5159179315855056,2.4110989960643794,23.80004225730534,38.03707160241571,31.420983409991024,2.5359519774011297,1.586,2.035337591005598,1.7659390941842175
89,3.5281182345919753,2.144268362237989,23.850620264439623,41.01558674901627,32.50500516961017,2.5362300884955755,1.253,1.89105229539079,1.6888211161855506
74,3.5222829121237855,2.1646493163558524,23.692389087728426,40.40103455658551,32.1833106060944,2.5126516516516517,1.288,1.89105229539079,1.6472174627573322
133,3.4886823636752826,2.6949138502817815,24.843079939814473,41.248795355864885,33.88841975386692,2.1825533980582525,1.78,1.8564874208181574,1.3861115151535393
5,3.5735512387791406,2.4392842568466446,24.343399604359956,38.83989920742278,32.03447836207717,2.6672923076923074,1.659,2.035337591005598,2.0138990759931645
119,3.4155210852213678,2.433234589649132,25.141147272482755,41.61679232360952,34.23744800906639,2.1353503184713376,1.579,2.035337591005598,1.3841605738237488
124,3.488861416967918,2.1294318317485654,24.06336388722212,41.10034021580957,32.77234087259374,2.4380707395498393,1.257,1.89105229539079,1.5031960676037333
142,3.473439372740961,2.637841830893275,24.168977704033605,41.29040553417739,33.59980731390034,2.1207006578947367,1.721,1.8564874208181574,1.3389145230206971
45,3.5584127263446006,2.1632674190148338,22.983640218520346,38.34572083526661,30.884857004354572,2.613202857142857,1.288,1.89105229539079,1.7858852600390451
56,3.546814755244375,2.0335961968180234,23.58399487368775,39.743357771631004,31.72316205746117,2.585832369942197,1.162,1.89105229539079,1.749650075059311
76,3.5177844279570794,2.1377868706438155,23.617774403005388,40.26214977673693,32.03316223587618,2.4874864864864867,1.246,1.89105229539079,1.6362554312048496
24,3.5666308474029793,2.491410879472442,24.015743593007034,37.16794481484507,31.033244078156734,2.6591521739130433,1.723,2.035337591005598,1.901407930553079
147,3.4678606629897453,2.051877342511651,23.67192071435474,40.965385542419945,32.603239183227075,2.380629139072848,1.177,1.89105229539079,1.4368154153924828
14,3.5647746218187324,2.1361343961784502,24.072501109913752,39.46139677634257,32.01380948237792,2.600535135135135,1.317,1.89105229539079,1.8593622586957048
65,3.5352062840980913,2.188793384556236,23.89454515016851,40.18751058333668,32.21373014824893,2.5393617647058826,1.311,1.89105229539079,1.6935716157343033
61,3.463180130644551,2.382347172890769,23.928926832055478,39.47196886600465,32.29984271249387,2.3328338192419826,1.545,2.035337591005598,1.6035244898969248
57,3.5436291614253204,2.643236235233877,23.956923878018035,39.14007944734004,32.21689335291319,2.4475115606936417,1.733,1.8564874208181574,1.706014499648521
78,3.4355429213552537,2.448639661640692,23.812647163051572,40.02451449021777,32.71220835503141,2.239350453172205,1.611,2.035337591005598,1.5040760088360112
49,3.521214759733266,2.365933525789291,24.788511221807962,38.66937823121345,32.210981559158874,2.5573767705382435,1.541,2.035337591005598,1.7757610945034283
85,3.509393098217416,2.682380966742509,23.66809609847637,39.61961987024145,32.379859014262976,2.2894785276073617,1.756,1.8564874208181574,1.527914258251028
81,3.430880434209888,2.4609902569842412,23.948764926788748,40.565789328351094,33.160922870564626,2.195630303030303,1.614,2.035337591005598,1.478459982215684
154,3.472301781313945,2.681747855329962,23.800482246729,40.85270645265791,33.229879126701434,2.093039867109635,1.748,1.8564874208181574,1.318633896753293
94,3.50804494279531,2.093098662464846,23.879196296054904,40.989022190981714,32.52349894408369,2.4820215384615385,1.215,1.89105229539079,1.5904102438871945
67,3.532158560934324,2.1783847786257136,23.732576134274755,40.18846095484838,32.11305439113157,2.5339201183431954,1.298,1.89105229539079,1.6830744356583152
39,3.516106699716392,2.317647291087635,23.01653902765608,37.42220155418978,30.755137125871208,2.46078125,1.489,1.8550045207910817,1.6760516154424623
13,3.5659271296109383,2.342364523655007,24.627666776864352,38.76853764058789,31.989061278918154,2.6609301075268816,1.59,2.035337591005598,1.911889930948487
167,3.4234687742187893,2.4160441724133666,24.907725860706154,41.36263766174168,33.8912822372509,1.89745,1.555,2.035337591005598,1.1856752327929356
18,3.5350260562177453,2.4199896352919668,23.127324953354822,36.78829001793698,30.586452588663985,2.509953125,1.591,1.8550045207910817,1.7462197416415093
74,3.524673458789008,2.69892986372897,23.92726467831658,39.56076309770468,32.45692821941515,2.3478648648648646,1.767,1.8564874208181574,1.590369231400328
128,3.4085862639015,2.453938411405305,24.032744419693664,41.204081036719124,33.63562651984647,2.070675324675325,1.597,2.035337591005598,1.3259303781727643
78,3.5172227884430147,2.186737546753024,23.553024490779926,39.95209030011925,31.961039485620926,2.4979365558912385,1.304,1.89105229539079,1.6315700789656966
99,3.5054479186890566,2.199196544880164,24.01135599553165,41.02092182377061,32.6993879231031,2.46505900621118,1.32,1.89105229539079,1.5702565375950357
131,3.447928507599004,2.3655846763383734,23.123582937943876,38.371813640118894,31.27624493654335,2.2699650000000005,1.524,1.8550045207910817,1.341051440640485
77,3.4787540756450497,2.3678328028644775,23.4240998983518,38.27784043980244,31.336420133762665,2.344665289256198,1.531,1.8550045207910817,1.46801928526661
122,3.459667012281024,2.344037291947413,23.11186259982214,38.08307173716899,31.111640631561894,2.3096411483253587,1.508,1.8550045207910817,1.3934907492075153
128,3.4836274447098883,2.684008069130594,24.053006415445992,40.68794001196382,33.222444215660225,2.1605909090909092,1.762,1.8564874208181574,1.3752364150256224
65,3.4537077937586056,2.3930328819230717,24.115666972211724,39.20051799483514,32.40219271195366,2.2912088235294115,1.559,2.035337591005598,1.567137636713563
20,3.5525668436897124,2.5027764692056795,24.917503693363493,38.992275791716615,32.70024990461686,2.4740684210526314,1.709,1.8564874208181574,1.847417311283644
37,3.5120091114107965,2.350237238739749,23.493229087742925,37.899803246715464,31.285342046153826,2.3996132404181187,1.519,1.8550045207910817,1.62215370227252
11,3.545032366549762,2.432289857016922,24.009919830527505,37.41366095304306,31.31102568785445,2.556700296735905,1.603,1.8550045207910817,1.8046916382117766
55,3.51432611790755,2.4864200723178747,23.07707229087829,37.11936678632194,30.809988428281613,2.453232974910394,1.651,1.8550045207910817,1.673645314879889
123,3.4091886698418046,2.384185417166802,24.316938949769007,41.42815616511055,33.839566254190565,2.1133504823151124,1.533,2.035337591005598,1.3573151296618016
34,3.5653038098527605,2.1356202266992863,23.305948209951065,38.42604747702835,31.068710515588776,2.622475,1.264,1.89105229539079,1.836828431169018
97,3.5037157727265953,2.6363048614501152,24.25745983903501,40.43267631588412,33.07740307192613,2.2710340557275543,1.719,1.8564874208181574,1.5015453526671363
10,3.545155146280937,2.3887487262583647,24.126322531318674,37.72420412562674,31.51305775907457,2.5625999999999998,1.557,1.8550045207910817,1.8121253520255494
30,3.5573161327793144,2.628919415830567,23.78129749955371,38.45796400011448,31.91556385491565,2.512035040431267,1.747,1.8564874208181574,1.8518025516704486
122,3.41435871627236,2.449306948268824,24.44823164208337,41.36061809844917,33.877146811272176,2.119301282051282,1.595,2.035337591005598,1.3682657783199066
66,3.5329852237553396,2.1739523632140685,23.747372758256024,40.14605167557969,32.09949526722965,2.536268436578171,1.298,1.89105229539079,1.6876577363877656
84,3.5097089402574535,2.113995772639173,23.712966469853818,40.5829305350897,32.28305350922276,2.4863058103975537,1.237,1.89105229539079,1.6006603374309376
84,3.4220422356705154,2.3927989623544175,23.980795554734595,40.58721297402195,33.13634596100404,2.179492354740061,1.555,2.035337591005598,1.4516292657521335
69,3.5287226893409893,2.642986759012803,24.074008046047823,39.60170302810528,32.50017194695606,2.3752314540059345,1.718,1.8564874208181574,1.6277528915533617
87,3.5109885623008092,2.693769409137257,24.23969113753901,40.24716716520102,32.99387423636739,2.2833895705521474,1.768,1.8564874208181574,1.522647325284378
17,3.572496559005355,2.1657556124208934,23.976819790445433,39.225347214914876,31.856555404576753,2.6290219780219783,1.342,1.89105229539079,1.8485252916137047
114,3.4942333590450834,2.684960445221862,24.80325379769347,41.15574924454392,33.7850680599871,2.20003821656051,1.76,1.8564874208181574,1.4229203181741186
101,3.4506569891269216,2.335608852853518,23.181832500776718,38.6564130442344,31.475238112886494,2.270115207373272,1.497,1.8550045207910817,1.3703251814242443
91,3.5134397623234963,2.631343871050918,24.73538913848975,40.56886357314186,33.35156485472646,2.309405487804878,1.708,1.8564874208181574,1.5480915247767786
129,3.4823550791204023,2.0959492247836815,23.788802856443375,41.01377835587309,32.58396494906228,2.430182410423453,1.22,1.89105229539079,1.482535148640411
71,3.441164687975023,2.39030487147494,23.98676553992143,39.48443326993031,32.5437072434024,2.2415565476190475,1.555,2.035337591005598,1.5246566834474087
28,3.546007083640312,2.4863117233366316,23.77382410040801,37.207134503019795,31.00810965793079,2.5915628415300547,1.715,2.035337591005598,1.8451997961855777
110,3.4651213646662598,2.4272514813701016,22.881894923564886,37.81203585126145,30.88589263299331,2.3094634146341466,1.582,1.8550045207910817,1.413889163393182
167,3.475472204020004,2.655378369801326,25.09329713312876,41.051007697556734,33.86531768239223,2.12023,1.735,1.8564874208181574,1.3250793286429356
71,3.5265730179666974,2.192864020990023,23.770282871894263,40.332563430145015,32.21746401954225,2.517339285714286,1.312,1.89105229539079,1.6622662630667526
104,3.501457140697961,2.644554999824577,24.845214918132577,40.997807625227495,33.673365085761986,2.2570687499999997,1.725,1.8564874208181574,1.4808005946928984
152,3.4154594925159083,2.4946438160388325,23.963097388160715,41.20920760771975,33.63735785291911,1.9760331125827812,1.625,2.035337591005598,1.2479761706842853
81,3.4740521567700093,2.472605886588914,22.816866662883296,37.902567770354786,30.932223179746046,2.321927966101695,1.627,1.8550045207910817,1.4425356364492432
77,3.5236841955396794,2.6741633856529066,24.472949639670766,39.839022256254516,32.84488475360107,2.362888888888889,1.759,1.8564874208181574,1.5955263892495937
89,3.450702139255875,2.479017302613424,24.058176844558602,40.77265883698999,33.224088400657315,2.3214896755162244,1.624,2.035337591005598,1.5935866593100128
87,3.4234990883192666,2.444861994529003,24.20984647694025,40.990356883952465,33.533950654066935,2.1674509202453986,1.602,2.035337591005598,1.4468538105659885
161,3.464226115253961,2.1534486462617073,23.59680665310433,40.74888323397497,32.524062377970175,2.364956375838926,1.278,1.89105229539079,1.4108401729425177
130,3.478452148610975,2.6372250579822927,24.086387020526896,40.88159339768709,33.312029905516525,2.1558631921824105,1.72,1.8564874208181574,1.3705085566270399
100,3.504168333530808,2.6911707598773864,24.26045465629052,40.43384612547835,33.12942148982364,2.250626168224299,1.766,1.8564874208181574,1.480413677976106
3,3.5687953371516272,2.4791558539003917,24.648384924528084,38.843627771866515,32.14711742429942,2.6641443298969074,1.69,2.035337591005598,2.0132846655407413
91,3.4668548162926327,2.376538319699514,23.299987417730907,38.3907466519188,31.387733116648285,2.319371179039301,1.541,1.8550045207910817,1.4283179548274056
117,3.4905931958620466,2.0585109366080414,24.36377918362768,41.988171601182124,33.271000362987586,2.4427371794871795,1.176,1.89105229539079,1.5136050185229033
102,3.455515243082573,2.441999086782534,23.347201662807525,38.655587491253975,31.5817445550721,2.276078703703704,1.596,1.8550045207910817,1.3733464385229082
32,3.5452650003621513,2.403422072720937,23.96227406279053,37.2852066420257,31.131339987164562,2.615388429752066,1.587,2.035337591005598,1.855276687885587
34,3.5297688311332673,2.3194299432177345,23.52943289153009,36.98024266357476,30.761533072057244,2.5765,1.509,2.035337591005598,1.8185396073994429
119,3.49283645226053,2.0069579017420067,24.95875411585554,41.63553796804361,33.29697162630193,2.4654968152866243,1.122,1.89105229539079,1.5339599193158786
136,3.4812826020756744,2.699226257883075,24.03013803682012,40.864216180205034,33.32366688599416,2.1372908496732026,1.775,1.8564874208181574,1.3543220466259964
16,3.5427478949705886,2.4086912736769084,24.22294874000798,37.633580732302406,31.518847747922937,2.5351661538461543,1.585,1.8550045207910817,1.7686303996707076
42,3.563998342345823,2.0759793304520757,23.71372956170196,39.32802757827611,31.5372402498617,2.6138212290502794,1.234,1.89105229539079,1.8132041826994056
102,3.4171369298988705,2.4007285025453995,24.266994666970984,41.45494452672042,33.73731993653,2.1575700934579443,1.549,2.035337591005598,1.4207006230355006
63,3.538422485261741,2.6857210282450983,24.428816535813286,39.10678394120843,32.30899951427637,2.4160117302052786,1.763,1.8564874208181574,1.663716375981405
57,3.5447850172972655,2.0213017345171265,23.708228344468015,40.07246786936068,31.957150654392294,2.5751329479768788,1.14,1.89105229539079,1.745028739214683
70,3.52625493581969,2.6311169118893036,24.043536678896338,39.687463597582074,32.50100298369444,2.3729464285714283,1.71,1.8564874208181574,1.622125485521159
30,3.527821497534469,2.491905723274248,23.470322857025764,37.33441415744885,31.055317978554886,2.451346666666667,1.656,1.8550045207910817,1.6819027078768087
103,3.4305347141293625,2.472830716079143,25.010523307428713,41.39678877103747,34.08965316576344,2.2144906832298137,1.631,2.035337591005598,1.452255804330839
160,3.4648625780221494,2.6308501373847837,23.789078897860136,41.074938058306316,33.3198093248819,2.0838758389261742,1.702,1.8564874208181574,1.3034100438655642
50,3.5251014582287223,2.4557130111721626,23.773481587876258,37.350157630970955,31.203754246103966,2.4549584775086504,1.625,1.8550045207910817,1.6664109274827466
1,3.56147580138708,2.35152551190002,24.63823886086074,39.2462026826329,32.29307515705474,2.655775510204082,1.543,2.035337591005598,2.0251402460314116
36,3.559061771422033,2.6979426084271156,23.755161868961988,38.0745950590744,31.649024294808623,2.4986629526462396,1.798,1.8564874208181574,1.7884432335370462
75,3.436309312279291,2.4609139768640715,23.846991377084784,39.499752884420865,32.537854347094196,2.206984984984985,1.615,2.035337591005598,1.4935201918040188
82,3.514484830704665,2.6584858447131823,24.332016492731967,40.142730162011574,32.945022147355694,2.3122826747720366,1.732,1.8564874208181574,1.55468935359061
92,3.434112914501242,2.4198491932573414,24.452648939888725,40.516963879873735,33.28676739403043,2.2536850152905195,1.577,2.035337591005598,1.4989786083335404
36,3.5622303163451425,1.9786162394118947,23.487622777066665,38.836764958613884,31.331528063668397,2.6193119777158778,1.097,1.89105229539079,1.8316722583718854
22,3.5614100044534203,2.694074478000972,24.21658146702539,38.165816144899125,31.98795810666763,2.4924491978609624,1.86,1.8564874208181574,1.8257807475776242
1,3.5319490434317116,2.1110166987852117,24.261106709876195,40.26023408628707,32.738209593287145,2.4823724489795915,1.237,1.89105229539079,1.880637027686859
140,3.4073499608041957,2.4303844034459368,24.05758090644101,40.472276230208436,33.272050895552354,2.026506578947368,1.575,2.035337591005598,1.279253057384795
112,3.461799526154992,2.3607989727330003,23.438805891313166,38.521043498835155,31.492840068071885,2.3049439252336446,1.525,1.8550045207910817,1.3953322584033976
3,3.537697945111872,2.3999481734774424,23.227856809949373,37.06279237079503,30.821190751176527,2.5713042253521126,1.559,1.8550045207910817,1.8306736044962053
52,3.500928918686389,2.4666715880697576,23.99541497188152,38.52091685291118,31.876564068962466,2.4735787965616045,1.627,2.035337591005598,1.7081086552553244
13,3.555692244172496,2.5249886697730286,24.44798340505406,38.520294134873915,32.15709029211502,2.4930591397849464,1.738,1.8564874208181574,1.8134404914735822
106,3.474031881945217,2.4247066368907255,23.061560846748243,37.88258787662229,31.017997058077018,2.3409054054054055,1.583,1.8550045207910817,1.4500998937104097
7,3.544812433691423,2.4374506721131883,23.917267950078497,37.37602884738843,31.288194921595714,2.563631884057971,1.605,1.8550045207910817,1.8151700106433282
9,3.563388513484579,2.1864377487643725,24.515019617858613,38.98629728904917,31.99527968872302,2.6590000000000003,1.411,2.035337591005598,1.9572307917560536
108,3.420331935905118,2.497869764845928,24.68862064835225,41.40391881889191,34.01657212624259,2.1350851735015777,1.639,2.035337591005598,1.395164296571563
43,3.508648568515266,2.4644431530094417,22.56634750757244,36.94850857727268,30.399839302766903,2.384924731182796,1.619,1.8550045207910817,1.6109028378249377
140,3.4743233868367187,2.0724687293779813,23.833084099928946,40.87704013237699,32.572302329954546,2.4068947368421054,1.203,1.89105229539079,1.4566952670489708
57,3.477575664197982,2.3775131079338427,23.938135747847074,39.221381996208315,32.23677365476226,2.391008670520231,1.54,2.035337591005598,1.651121015038069
48,3.5327430295356828,2.3551430866643166,25.5878756709222,39.212903178007906,32.85630077141311,2.586707865168539,1.533,2.035337591005598,1.8081284050314708
29,3.5591407106855666,2.541762355407921,23.801300986918452,38.194201649765226,31.603485399391182,2.5213186813186814,1.746,1.8564874208181574,1.804077040117352
12,3.569207084156356,2.4753697700007034,24.819105859024557,38.75128344015104,32.11021168908644,2.6636182795698926,1.704,2.035337591005598,1.9232799539368028
123,3.490432264232956,2.1309899052747716,24.083470327760516,41.09041922644824,32.75739655594484,2.447186495176849,1.254,1.89105229539079,1.5077850749847914
66,3.4962554827793926,2.497752653580319,22.903021044448273,37.37911114363861,30.726188079151118,2.366105058365759,1.653,1.8550045207910817,1.5222595950771978
118,3.4486728051793962,2.3558347560196564,22.67782621456358,38.03962943213698,30.899653280757406,2.2804057971014493,1.517,1.8550045207910817,1.3589854739373584
138,3.4796060336232353,2.087464676179042,24.398489581288885,41.299420742573055,33.072327061961936,2.4112745098039214,1.211,1.89105229539079,1.4670106672274665
96,3.423482197888437,2.401794655879554,24.1926071662797,40.5818264138806,33.26265398635676,2.1972623456790124,1.558,2.035337591005598,1.4518364681062514
64,3.53928626988912,2.69017866510873,24.3288116844709,39.44448954135193,32.56636929496716,2.4128035190615837,1.77,1.8564874208181574,1.659013868748246
84,3.471751102262539,2.497859027600416,23.10859423301546,38.19823604401131,31.259213269721236,2.3025193133047215,1.643,1.8550045207910817,1.4249026750004896
46,3.497407662636496,2.470968641396993,23.20127236203539,38.065368726791895,31.206611383963253,2.463630372492837,1.63,2.035337591005598,1.7024077813673466
94,3.457807923440064,2.317937855025735,23.166973356692417,38.5606541602861,31.389977882297476,2.3010937499999997,1.483,1.8550045207910817,1.405680035419228
83,3.472424307596416,2.4341986830086237,23.36546101646915,38.36789486715962,31.400797084337558,2.3195982905982904,1.593,1.8550045207910817,1.4286475681888218
7,3.5681507462163036,2.366410527029613,24.650435471431692,38.87507521022778,32.112576242471775,2.662795811518324,1.602,2.035337591005598,1.9687898262728398
62,3.5392436935272635,2.121868132176415,23.840345275714288,40.240711749549135,32.16100333536097,2.554590643274854,1.248,1.89105229539079,1.7139701997004613
4,3.563970503289941,2.280187848173442,24.634206199911688,38.97798888258284,32.06687277315468,2.659417525773196,1.488,2.035337591005598,2.000528337624771
164,3.4166177332601,2.491537251958465,23.791460085164704,41.26268252018065,33.58210389885497,1.8630269360269358,1.623,2.035337591005598,1.1644009557372264
32,3.5617586337260088,2.654880745360911,24.00078927251757,38.31473393357882,31.849792632896243,2.520526170798898,1.768,1.8564874208181574,1.8199041089501267
31,3.561870782772737,2.6312552691827045,24.2036410699716,38.49126351534004,32.081128118597164,2.5250219178082194,1.751,1.8564874208181574,1.8307038456739428
67,3.450781146333252,2.4373294683003053,23.94684852697399,39.18225956809825,32.35440526839345,2.27503550295858,1.596,2.035337591005598,1.5511711892790419
38,3.561614556780574,2.092603698932653,23.021675511770262,38.582340147970775,30.972969676157927,2.619429775280899,1.22,1.89105229539079,1.816506091511515
61,3.5360811169860216,2.006753861515003,23.679272417109907,40.0571305311587,31.859048861486652,2.5534927113702626,1.124,1.89105229539079,1.7139788776485192
72,3.5245022548553444,2.1560972126643922,23.76194654931583,40.431258866851486,32.23410177209762,2.514916417910448,1.277,1.89105229539079,1.6574243065763063
82,3.5151454557578807,2.1663009505205935,24.063147568932987,40.856332202254556,32.64044972789331,2.4900364741641337,1.287,1.89105229539079,1.61672418029789
53,3.555013984911923,2.0619831864543094,24.06931067212055,40.041366724781085,32.133873372089305,2.5986475644699145,1.185,1.89105229539079,1.7702629734732853
104,3.448678293668265,2.370892032033162,23.298067848672567,38.87481687744787,31.662032275252905,2.2649299065420565,1.526,1.8550045207910817,1.3567141087089647
46,3.527269876472835,2.3755467142668496,23.408964388688208,36.72807623650589,30.705906284556665,2.492510067114094,1.553,1.8550045207910817,1.7165673917429753
97,3.4220957701069374,2.4087687236133313,24.238609855596458,40.61670777074496,33.299978841087025,2.186699690402477,1.565,2.035337591005598,1.4468670644030392
14,3.562746818017503,2.694621861688723,24.463097121123557,38.21358592965045,32.04407000314609,2.493508108108108,1.862,1.8564874208181574,1.8025980036306504
94,3.509190808443004,2.671566207861818,24.1488106351578,40.184384347174266,32.91990812745461,2.276516923076923,1.742,1.8564874208181574,1.5169573017136326
24,3.5322741848919814,2.4129371999368505,22.614491386507936,36.64000948247426,30.22428629982563,2.5105320512820515,1.584,1.8550045207910817,1.7492382064360228
55,3.547186025484395,1.9929057988209282,23.739137412822192,39.84751541049116,31.81736328028127,2.5875792507204616,1.115,1.89105229539079,1.749647593537689
78,3.519146638240668,2.6892528956736257,23.81400684876703,39.41794949618613,32.31731555011648,2.3335438066465257,1.76,1.8564874208181574,1.5747301747801037
51,3.5590146214829015,2.155901281560187,23.724772219746917,39.419051143069204,31.688686599521045,2.6111257142857145,1.286,1.89105229539079,1.780343032300132
15,3.557881987836072,2.1206980945954057,24.26604433063594,38.865889781652804,31.767450711024402,2.653130434782609,1.371,2.035337591005598,1.8891989948061458
113,3.493116071455022,1.9959465760122976,24.672067025619615,42.23998716092915,33.5098123920945,2.450768253968254,1.108,1.89105229539079,1.529091650133123
44,3.5567002097886946,2.037264031192436,23.07246859020669,38.569726951286874,30.939399361884792,2.612715909090909,1.159,1.89105229539079,1.7958310249900458
155,3.4635011119445216,1.987193667465448,23.49802323358846,40.884444140401214,32.417221778010834,2.375036544850498,1.105,1.89105229539079,1.4318084249673686
22,3.5668392745025836,2.339723057947995,24.224319222372547,37.34166959188387,31.220866832188786,2.659668449197861,1.607,2.035337591005598,1.9242461121680094
28,3.5646314038791784,1.8132694309760007,23.492198340361576,39.14531169811219,31.331850868998004,2.6185792349726777,0.97,1.89105229539079,1.8481398178778288
135,3.478794177297151,2.642540259937964,24.340286688400784,41.16437554618679,33.59131052719714,2.148319218241043,1.726,1.8564874208181574,1.3647827949260758
77,3.4417311090871063,2.3844697219937414,24.45395460946014,40.42668250871336,33.180785234653264,2.281807807807808,1.556,2.035337591005598,1.5302876214401704
106,3.417521467040602,2.4482618595124874,24.417272340572964,41.140956091698214,33.70518417605219,2.1683006329113925,1.6,2.035337591005598,1.4097311506517451
147,3.4738146874457896,2.6869753836302124,23.955208980751504,41.14127834456325,33.46501751186519,2.0981291390728476,1.764,1.8564874208181574,1.3184664436640334
105,3.501658387162809,2.6719601666204564,24.68293151974539,40.84213757482493,33.535818118317145,2.244683385579937,1.746,1.8564874208181574,1.4697543268466824
126,3.4081896097479882,2.41022288115442,24.22667614097166,41.378450473707446,33.79894614410012,2.091456310679612,1.559,2.035337591005598,1.3370075130842318
156,3.410900672125043,2.434585389303289,23.759120931060004,41.230427315370186,33.53675907012135,1.9295033333333333,1.567,2.035337591005598,1.211102678915174
35,3.513165600287965,2.323395712524894,23.31675245518661,37.593333753421376,30.989730398009076,2.417832740213523,1.493,1.8550045207910817,1.6387701497987262
110,3.49758697990267,2.698012437629632,24.582992198113057,40.84446688602949,33.52446663707275,2.211481012658228,1.768,1.8564874208181574,1.4386709371480566
5,3.5413347346347575,2.5209480504077413,24.51442664842638,38.75169504640032,32.43418218230641,2.3962512820512822,1.72,1.8564874208181574,1.8356616600675495
144,3.4722884821666766,2.6490198126838553,24.00593985304127,41.04619550953222,33.3945201718652,2.112346534653465,1.735,1.8564874208181574,1.3286444309174914
103,3.5065859365661325,2.6594753656507684,25.05068794027295,40.99869158762305,33.78697527817091,2.279636645962733,1.749,1.8564874208181574,1.4960918298136696
42,3.5110708693292705,2.3166154227865463,23.931600807664452,38.521539672721865,31.543288143901563,2.512284916201117,1.556,2.035337591005598,1.7546766553637203
110,3.497212315865497,2.120750718982474,24.334930769941984,41.62744766181303,33.12431679486816,2.45646835443038,1.245,1.89105229539079,1.5343086721758876
41,3.5563095420140822,2.6668454289754746,24.256086319320033,38.87275464755104,32.271676011112376,2.494497175141243,1.772,1.8564874208181574,1.7623150704093087
26,3.5712835067487094,2.134879000684994,23.519892775337357,38.68010761281634,31.32326275303232,2.6257158469945354,1.314,1.89105229539079,1.860033909718346
41,3.563446012076242,2.0793300586339956,23.98219553879158,39.40567993360536,31.900827580605675,2.6175169491525425,1.203,1.89105229539079,1.8060548955557403
86,3.4248208106770663,2.4915333699239977,23.829441222036376,40.667923693760464,33.20338483123576,2.166021472392638,1.638,2.035337591005598,1.4471484694777745
146,3.4726160162875095,2.6883611693898826,23.563561594833335,40.79196924883506,33.10962161613893,2.096390728476821,1.764,1.8564874208181574,1.3181691588445197
86,3.5066782411556563,2.6401894768922713,23.845674209557426,40.067324667444815,32.68215852457039,2.2886687116564417,1.722,1.8564874208181574,1.5285252629756445
38,3.50911052654104,2.3337740352348813,23.64731684697707,38.03149707759718,31.41096207271253,2.3858146853146858,1.495,1.8550045207910817,1.6140066510467586
95,3.507748080950393,2.109503853325003,23.935993772910926,41.02622774121347,32.578228834731775,2.48125,1.233,1.89105229539079,1.5853517062988178
65,3.533690170241391,2.639895313359579,24.124885387020978,39.509602016775695,32.46542951751835,2.401258823529412,1.72,1.8564874208181574,1.6538540573335014
37,3.5190926887152725,2.351855540704836,23.509674105704782,37.39499820465976,30.96654665282149,2.539901960784314,1.536,2.035337591005598,1.7810046294120476
44,3.5510121537420285,2.6603527244917,23.348558306380394,38.11684755251712,31.41911167391793,2.492619318181818,1.768,1.8564874208181574,1.7517304870664143
27,3.556833231052199,2.471314764334132,23.754765330883426,38.18831137948753,31.565586498787077,2.527672131147541,1.695,1.8564874208181574,1.813969388710352
80,3.514773138461639,2.6743555987897745,23.504268200620626,39.47237839941986,32.21997626855924,2.3113333333333332,1.745,1.8564874208181574,1.5597659473370362
101,3.5011647157526498,2.0874226328484515,23.99347983811607,41.23753665797544,32.70434030242972,2.46861875,1.21,1.89105229539079,1.559633933561147
113,3.49551076423368,2.6832134764261997,24.932873139487384,41.27256611507568,33.91080564765892,2.203831746031746,1.758,1.8564874208181574,1.42806487344776
36,3.5248882875629555,2.3829603510808774,23.724670891624807,37.33680914521836,31.06432144678013,2.5514401114206127,1.565,2.035337591005598,1.7971018450305436
15,3.541255460524434,2.372854084449551,24.000119916961825,37.686600065941576,31.451400678644536,2.532669724770642,1.545,1.8550045207910817,1.771209039672698
120,3.467272639213176,2.444740635238248,22.367517988223096,37.43017193410286,30.47122187456595,2.331316037735849,1.596,1.8550045207910817,1.4268427818454643
75,3.5189923820688493,2.1187211383693167,23.642375027314003,40.4426971996319,32.17200142078129,2.5025555555555554,1.243,1.89105229539079,1.6364136810898071
8,3.5529355991467955,2.6038584726333673,24.628487294051176,38.526267904657,32.3461408313,2.4485105263157894,1.789,1.8564874208181574,1.8247738529891333
73,3.5226805646793737,2.6403185448373043,23.977316018708777,39.69929058154853,32.51218336210202,2.355110778443114,1.717,1.8564874208181574,1.6015142233917594
64,3.5366477402090606,2.0744390946376323,24.100749099673767,40.3959693732437,32.33880662180898,2.550475073313783,1.202,1.89105229539079,1.7040137474382486
118,3.491994243745711,2.68378702970616,25.013633898401757,41.43649987692296,34.050076369857344,2.1879262820512824,1.76,1.8564874208181574,1.4075983731469897
38,3.5151810230271,2.3535104841115886,23.239016261869025,37.35233964342659,30.826455697992966,2.527817415730337,1.532,2.035337591005598,1.7710130422682329
